<application>
  <component name="LightEdit">
    <option name="sessionFiles">
      <list>
        <option value="file://$USER_HOME$/AppData/Local/Temp/Temp1_accepted-53 (3).zip/submissions/accepted/asqp_aho_corasick_finn.java" />
        <option value="file://$USER_HOME$/AppData/Local/Temp/Temp1_EElmziat_EcoliCount_F21.zip/EElmziat_EcoliCount_F21/src/ecolicounts/Main.java" />
      </list>
    </option>
    <option name="frameInfo">
      <frame x="-8" y="-8" width="1936" height="1056" extendedState="6" />
    </option>
  </component>
</application>